household_id,population,waste_gen_kg_per_day,recycling_rate,collection_route,route_length_km,route_time_hr,fuel_cost_per_km,labor_cost_per_hour,maintenance_cost_per_km
1,7,4.68,0.49,20,19.29,3.81,0.8,15,0.1
2,4,3.9,0.32,16,20.89,2.37,0.8,15,0.1
3,5,3.48,0.31,17,8.42,1.8,0.8,15,0.1
4,7,4.46,0.26,16,20.89,2.37,0.8,15,0.1
5,3,3.16,0.44,19,17.23,2.7,0.8,15,0.1
6,5,1.5,0.48,8,8.53,3.44,0.8,15,0.1
7,5,3.49,0.46,38,23.08,1.96,0.8,15,0.1
8,7,3.98,0.15,38,23.08,1.96,0.8,15,0.1
9,2,4.85,0.5,29,14.47,2.84,0.8,15,0.1
10,3,1.77,0.51,36,21.25,3.56,0.8,15,0.1
11,7,3.35,0.25,26,13.47,1.03,0.8,15,0.1
12,3,3.41,0.19,31,13.68,3.46,0.8,15,0.1
13,3,2.18,0.13,12,7.71,2.56,0.8,15,0.1
14,5,4.09,0.36,17,8.42,1.8,0.8,15,0.1
15,4,4.4,0.03,15,13.13,2.15,0.8,15,0.1
16,3,3.15,0.51,9,15.84,1.39,0.8,15,0.1
17,6,5.97,0.61,39,16.05,1.15,0.8,15,0.1
18,5,3.12,0.35,12,7.71,2.56,0.8,15,0.1
19,2,2.96,0.13,32,23.11,1.36,0.8,15,0.1
20,4,2.93,0.51,25,7.2,3.84,0.8,15,0.1
21,6,2.52,0.01,39,16.05,1.15,0.8,15,0.1
22,6,2.83,0.15,18,15.18,1.44,0.8,15,0.1
23,2,1.78,0.24,15,13.13,2.15,0.8,15,0.1
24,4,3.27,0.19,32,23.11,1.36,0.8,15,0.1
25,5,3.57,0.7,6,17.1,2.68,0.8,15,0.1
26,1,0.76,0.14,35,22.26,1.49,0.8,15,0.1
27,4,3.38,0.14,34,5.94,3.01,0.8,15,0.1
28,2,3.55,0.44,38,23.08,1.96,0.8,15,0.1
29,6,4.12,0.15,5,12.6,2.51,0.8,15,0.1
30,5,4.95,0.33,18,15.18,1.44,0.8,15,0.1
31,4,4.52,0.32,16,20.89,2.37,0.8,15,0.1
32,1,2.76,0.39,8,8.53,3.44,0.8,15,0.1
33,1,2.62,0.19,25,7.2,3.84,0.8,15,0.1
34,3,4.2,0.21,32,23.11,1.36,0.8,15,0.1
35,3,2.84,0.19,26,13.47,1.03,0.8,15,0.1
36,7,2.03,0.41,22,9.89,1.39,0.8,15,0.1
37,2,6.35,0.29,31,13.68,3.46,0.8,15,0.1
38,4,3.13,0.31,10,20.32,3.8,0.8,15,0.1
39,4,2.75,0.09,12,7.71,2.56,0.8,15,0.1
40,7,0.87,0.25,28,15.88,2.02,0.8,15,0.1
41,6,4.52,0.25,6,17.1,2.68,0.8,15,0.1
42,6,2.31,0.2,20,19.29,3.81,0.8,15,0.1
43,7,3.53,0.21,5,12.6,2.51,0.8,15,0.1
44,6,4.66,0.34,23,11.05,3.69,0.8,15,0.1
45,3,2.33,0.1,9,15.84,1.39,0.8,15,0.1
46,4,3.6,0.16,29,14.47,2.84,0.8,15,0.1
47,7,5.33,0.17,16,20.89,2.37,0.8,15,0.1
48,4,0.55,0.2,22,9.89,1.39,0.8,15,0.1
49,1,2.53,0.08,8,8.53,3.44,0.8,15,0.1
50,3,2.41,0.18,20,19.29,3.81,0.8,15,0.1
51,5,3.28,0.33,14,8.67,1.76,0.8,15,0.1
52,3,3.44,0.13,39,16.05,1.15,0.8,15,0.1
53,7,2.23,0.53,37,23.29,1.8,0.8,15,0.1
54,5,2.71,0.05,34,5.94,3.01,0.8,15,0.1
55,1,2.57,0.39,11,23.95,2.11,0.8,15,0.1
56,7,3.08,0.1,40,5.88,3.16,0.8,15,0.1
57,2,3.76,0.44,33,15.64,1.85,0.8,15,0.1
58,4,4.59,0.22,31,13.68,3.46,0.8,15,0.1
59,1,4.77,0.36,34,5.94,3.01,0.8,15,0.1
60,4,4.28,0.27,7,14.73,2.51,0.8,15,0.1
61,6,2.45,0.31,23,11.05,3.69,0.8,15,0.1
62,2,3.5,0.12,7,14.73,2.51,0.8,15,0.1
63,2,6.35,0.5,25,7.2,3.84,0.8,15,0.1
64,1,4.72,0.12,3,20.42,1.68,0.8,15,0.1
65,2,2.97,0.49,38,23.08,1.96,0.8,15,0.1
66,5,5.4,0.15,20,19.29,3.81,0.8,15,0.1
67,2,3.03,0.13,34,5.94,3.01,0.8,15,0.1
68,4,2.7,0.21,30,22.38,2.99,0.8,15,0.1
69,4,5.17,0.26,17,8.42,1.8,0.8,15,0.1
70,7,1.93,0.16,10,20.32,3.8,0.8,15,0.1
71,4,1.2,0.41,35,22.26,1.49,0.8,15,0.1
72,7,4.63,0.17,20,19.29,3.81,0.8,15,0.1
73,4,3.53,0.37,18,15.18,1.44,0.8,15,0.1
74,5,3.65,0.59,27,13.85,1.14,0.8,15,0.1
75,7,3.07,0.31,36,21.25,3.56,0.8,15,0.1
76,3,3.21,0.25,23,11.05,3.69,0.8,15,0.1
77,6,2.95,0.19,32,23.11,1.36,0.8,15,0.1
78,1,2.75,0.31,10,20.32,3.8,0.8,15,0.1
79,4,3.04,0.2,11,23.95,2.11,0.8,15,0.1
80,2,3.0,0.26,38,23.08,1.96,0.8,15,0.1
81,4,2.51,0.46,6,17.1,2.68,0.8,15,0.1
82,2,2.85,0.39,34,5.94,3.01,0.8,15,0.1
83,6,0.5,0.05,36,21.25,3.56,0.8,15,0.1
84,6,4.32,0.53,37,23.29,1.8,0.8,15,0.1
85,6,3.97,0.25,17,8.42,1.8,0.8,15,0.1
86,2,3.4,0.45,40,5.88,3.16,0.8,15,0.1
87,4,3.78,0.16,40,5.88,3.16,0.8,15,0.1
88,6,3.83,0.25,12,7.71,2.56,0.8,15,0.1
89,5,2.63,0.17,21,23.25,3.84,0.8,15,0.1
90,7,2.86,0.53,40,5.88,3.16,0.8,15,0.1
91,2,4.13,0.7,19,17.23,2.7,0.8,15,0.1
92,2,3.75,0.09,3,20.42,1.68,0.8,15,0.1
93,4,5.95,0.14,18,15.18,1.44,0.8,15,0.1
94,2,5.44,0.37,19,17.23,2.7,0.8,15,0.1
95,2,4.62,0.25,6,17.1,2.68,0.8,15,0.1
96,6,2.59,0.05,16,20.89,2.37,0.8,15,0.1
97,4,2.82,0.11,8,8.53,3.44,0.8,15,0.1
98,6,2.3,0.16,18,15.18,1.44,0.8,15,0.1
99,7,3.84,0.32,39,16.05,1.15,0.8,15,0.1
100,7,0.5,0.31,12,7.71,2.56,0.8,15,0.1
101,6,2.95,0.47,10,20.32,3.8,0.8,15,0.1
102,7,3.13,0.13,7,14.73,2.51,0.8,15,0.1
103,4,1.67,0.17,1,15.03,1.7,0.8,15,0.1
104,1,4.46,0.18,36,21.25,3.56,0.8,15,0.1
105,6,2.13,0.24,21,23.25,3.84,0.8,15,0.1
106,5,3.82,0.01,37,23.29,1.8,0.8,15,0.1
107,5,6.84,0.16,24,24.44,3.58,0.8,15,0.1
108,2,1.57,0.16,25,7.2,3.84,0.8,15,0.1
109,7,3.32,0.05,7,14.73,2.51,0.8,15,0.1
110,5,3.01,0.37,17,8.42,1.8,0.8,15,0.1
111,2,2.78,0.32,29,14.47,2.84,0.8,15,0.1
112,1,4.41,0.38,30,22.38,2.99,0.8,15,0.1
113,4,4.83,0.33,7,14.73,2.51,0.8,15,0.1
114,4,4.43,0.51,33,15.64,1.85,0.8,15,0.1
115,4,2.63,0.09,7,14.73,2.51,0.8,15,0.1
116,5,6.42,0.58,24,24.44,3.58,0.8,15,0.1
117,1,1.38,0.09,11,23.95,2.11,0.8,15,0.1
118,5,2.26,0.41,9,15.84,1.39,0.8,15,0.1
119,7,3.7,0.16,12,7.71,2.56,0.8,15,0.1
120,5,3.61,0.34,35,22.26,1.49,0.8,15,0.1
121,1,4.09,0.33,4,23.44,2.78,0.8,15,0.1
122,1,5.4,0.05,36,21.25,3.56,0.8,15,0.1
123,7,3.36,0.2,28,15.88,2.02,0.8,15,0.1
124,1,3.64,0.3,13,7.25,3.8,0.8,15,0.1
125,1,2.79,0.41,23,11.05,3.69,0.8,15,0.1
126,4,4.21,0.22,19,17.23,2.7,0.8,15,0.1
127,7,3.12,0.49,37,23.29,1.8,0.8,15,0.1
128,3,3.12,0.07,39,16.05,1.15,0.8,15,0.1
129,3,4.15,0.12,24,24.44,3.58,0.8,15,0.1
130,1,4.74,0.61,16,20.89,2.37,0.8,15,0.1
131,3,0.85,0.1,33,15.64,1.85,0.8,15,0.1
132,3,3.93,0.05,12,7.71,2.56,0.8,15,0.1
133,1,3.18,0.23,34,5.94,3.01,0.8,15,0.1
134,3,4.64,0.32,7,14.73,2.51,0.8,15,0.1
135,5,3.2,0.28,11,23.95,2.11,0.8,15,0.1
136,2,5.06,0.57,31,13.68,3.46,0.8,15,0.1
137,7,2.69,0.32,29,14.47,2.84,0.8,15,0.1
138,2,0.82,0.1,13,7.25,3.8,0.8,15,0.1
139,1,4.76,0.36,31,13.68,3.46,0.8,15,0.1
140,4,2.49,0.06,2,13.19,3.34,0.8,15,0.1
141,7,1.6,0.15,39,16.05,1.15,0.8,15,0.1
142,1,3.52,0.14,15,13.13,2.15,0.8,15,0.1
143,4,3.21,0.24,11,23.95,2.11,0.8,15,0.1
144,2,4.49,0.24,34,5.94,3.01,0.8,15,0.1
145,1,4.57,0.26,39,16.05,1.15,0.8,15,0.1
146,7,3.61,0.23,4,23.44,2.78,0.8,15,0.1
147,7,2.44,0.21,11,23.95,2.11,0.8,15,0.1
148,6,3.84,0.34,29,14.47,2.84,0.8,15,0.1
149,5,3.7,0.3,2,13.19,3.34,0.8,15,0.1
150,3,4.18,0.54,16,20.89,2.37,0.8,15,0.1
151,4,2.45,0.5,39,16.05,1.15,0.8,15,0.1
152,6,3.02,0.06,13,7.25,3.8,0.8,15,0.1
153,3,4.11,0.24,37,23.29,1.8,0.8,15,0.1
154,3,5.0,0.23,17,8.42,1.8,0.8,15,0.1
155,1,4.66,0.28,21,23.25,3.84,0.8,15,0.1
156,3,3.6,0.12,19,17.23,2.7,0.8,15,0.1
157,5,2.92,0.19,7,14.73,2.51,0.8,15,0.1
158,7,3.98,0.35,38,23.08,1.96,0.8,15,0.1
159,6,2.19,0.36,8,8.53,3.44,0.8,15,0.1
160,3,2.52,0.16,13,7.25,3.8,0.8,15,0.1
161,1,5.31,0.16,37,23.29,1.8,0.8,15,0.1
162,5,3.98,0.36,2,13.19,3.34,0.8,15,0.1
163,2,3.08,0.56,11,23.95,2.11,0.8,15,0.1
164,7,4.49,0.36,24,24.44,3.58,0.8,15,0.1
165,7,5.04,0.17,6,17.1,2.68,0.8,15,0.1
166,6,2.97,0.36,26,13.47,1.03,0.8,15,0.1
167,7,2.99,0.36,7,14.73,2.51,0.8,15,0.1
168,3,2.84,0.2,39,16.05,1.15,0.8,15,0.1
169,1,4.66,0.41,19,17.23,2.7,0.8,15,0.1
170,7,4.67,0.49,6,17.1,2.68,0.8,15,0.1
171,7,5.16,0.23,29,14.47,2.84,0.8,15,0.1
172,2,4.71,0.48,39,16.05,1.15,0.8,15,0.1
173,2,1.54,0.69,2,13.19,3.34,0.8,15,0.1
174,4,3.84,0.43,19,17.23,2.7,0.8,15,0.1
175,5,2.23,0.05,4,23.44,2.78,0.8,15,0.1
176,3,2.88,0.25,6,17.1,2.68,0.8,15,0.1
177,7,3.7,0.46,37,23.29,1.8,0.8,15,0.1
178,7,4.5,0.37,28,15.88,2.02,0.8,15,0.1
179,1,2.43,0.25,30,22.38,2.99,0.8,15,0.1
180,4,0.71,0.22,7,14.73,2.51,0.8,15,0.1
181,5,3.72,0.19,9,15.84,1.39,0.8,15,0.1
182,4,6.67,0.47,25,7.2,3.84,0.8,15,0.1
183,6,3.26,0.12,33,15.64,1.85,0.8,15,0.1
184,5,3.56,0.01,1,15.03,1.7,0.8,15,0.1
185,7,5.64,0.14,6,17.1,2.68,0.8,15,0.1
186,7,4.21,0.28,18,15.18,1.44,0.8,15,0.1
187,5,3.76,0.52,10,20.32,3.8,0.8,15,0.1
188,7,4.03,0.21,28,15.88,2.02,0.8,15,0.1
189,3,3.8,0.11,11,23.95,2.11,0.8,15,0.1
190,5,2.13,0.07,33,15.64,1.85,0.8,15,0.1
191,4,1.89,0.41,1,15.03,1.7,0.8,15,0.1
192,5,5.76,0.13,13,7.25,3.8,0.8,15,0.1
193,7,3.72,0.21,37,23.29,1.8,0.8,15,0.1
194,3,3.62,0.34,20,19.29,3.81,0.8,15,0.1
195,3,3.39,0.15,1,15.03,1.7,0.8,15,0.1
196,6,4.44,0.64,3,20.42,1.68,0.8,15,0.1
197,4,6.55,0.43,18,15.18,1.44,0.8,15,0.1
198,2,4.13,0.2,14,8.67,1.76,0.8,15,0.1
199,2,2.79,0.49,31,13.68,3.46,0.8,15,0.1
200,5,3.34,0.24,27,13.85,1.14,0.8,15,0.1
201,6,4.79,0.05,17,8.42,1.8,0.8,15,0.1
202,1,2.8,0.22,29,14.47,2.84,0.8,15,0.1
203,5,4.52,0.21,36,21.25,3.56,0.8,15,0.1
204,6,0.72,0.31,37,23.29,1.8,0.8,15,0.1
205,4,3.22,0.39,26,13.47,1.03,0.8,15,0.1
206,4,4.25,0.24,17,8.42,1.8,0.8,15,0.1
207,4,5.02,0.18,22,9.89,1.39,0.8,15,0.1
208,4,2.52,0.36,25,7.2,3.84,0.8,15,0.1
209,4,1.7,0.06,2,13.19,3.34,0.8,15,0.1
210,6,3.19,0.44,22,9.89,1.39,0.8,15,0.1
211,6,2.15,0.43,5,12.6,2.51,0.8,15,0.1
212,3,3.32,0.3,4,23.44,2.78,0.8,15,0.1
213,2,3.49,0.13,36,21.25,3.56,0.8,15,0.1
214,7,1.92,0.2,6,17.1,2.68,0.8,15,0.1
215,4,4.47,0.48,21,23.25,3.84,0.8,15,0.1
216,1,3.31,0.06,13,7.25,3.8,0.8,15,0.1
217,7,4.8,0.31,37,23.29,1.8,0.8,15,0.1
218,6,1.29,0.1,25,7.2,3.84,0.8,15,0.1
219,1,2.28,0.33,26,13.47,1.03,0.8,15,0.1
220,1,4.12,0.25,39,16.05,1.15,0.8,15,0.1
221,1,2.54,0.41,20,19.29,3.81,0.8,15,0.1
222,3,3.3,0.65,33,15.64,1.85,0.8,15,0.1
223,6,3.5,0.28,14,8.67,1.76,0.8,15,0.1
224,1,3.69,0.18,36,21.25,3.56,0.8,15,0.1
225,4,2.69,0.11,17,8.42,1.8,0.8,15,0.1
226,5,3.68,0.33,21,23.25,3.84,0.8,15,0.1
227,1,2.56,0.43,16,20.89,2.37,0.8,15,0.1
228,3,4.31,0.53,16,20.89,2.37,0.8,15,0.1
229,7,3.36,0.39,20,19.29,3.81,0.8,15,0.1
230,6,3.69,0.05,29,14.47,2.84,0.8,15,0.1
231,3,6.58,0.24,28,15.88,2.02,0.8,15,0.1
232,1,2.17,0.36,8,8.53,3.44,0.8,15,0.1
233,6,5.17,0.2,24,24.44,3.58,0.8,15,0.1
234,5,0.5,0.3,3,20.42,1.68,0.8,15,0.1
235,1,1.01,0.7,25,7.2,3.84,0.8,15,0.1
236,3,2.01,0.49,19,17.23,2.7,0.8,15,0.1
237,2,2.09,0.34,33,15.64,1.85,0.8,15,0.1
238,4,3.74,0.05,2,13.19,3.34,0.8,15,0.1
239,7,3.85,0.37,15,13.13,2.15,0.8,15,0.1
240,3,3.19,0.33,22,9.89,1.39,0.8,15,0.1
241,6,3.32,0.33,10,20.32,3.8,0.8,15,0.1
242,1,4.13,0.15,18,15.18,1.44,0.8,15,0.1
243,4,4.5,0.33,22,9.89,1.39,0.8,15,0.1
244,1,1.91,0.02,27,13.85,1.14,0.8,15,0.1
245,6,3.07,0.1,13,7.25,3.8,0.8,15,0.1
246,1,3.42,0.22,33,15.64,1.85,0.8,15,0.1
247,2,4.08,0.19,5,12.6,2.51,0.8,15,0.1
248,4,2.57,0.53,26,13.47,1.03,0.8,15,0.1
249,4,3.39,0.19,13,7.25,3.8,0.8,15,0.1
250,6,3.54,0.18,27,13.85,1.14,0.8,15,0.1
251,7,2.65,0.13,14,8.67,1.76,0.8,15,0.1
252,2,2.63,0.34,24,24.44,3.58,0.8,15,0.1
253,3,3.62,0.65,3,20.42,1.68,0.8,15,0.1
254,1,3.34,0.18,30,22.38,2.99,0.8,15,0.1
255,5,4.1,0.61,35,22.26,1.49,0.8,15,0.1
256,1,2.24,0.36,14,8.67,1.76,0.8,15,0.1
257,1,3.08,0.09,12,7.71,2.56,0.8,15,0.1
258,3,3.22,0.27,28,15.88,2.02,0.8,15,0.1
259,1,4.48,0.09,29,14.47,2.84,0.8,15,0.1
260,2,2.37,0.56,17,8.42,1.8,0.8,15,0.1
261,2,3.78,0.24,40,5.88,3.16,0.8,15,0.1
262,4,3.8,0.06,21,23.25,3.84,0.8,15,0.1
263,6,5.48,0.24,23,11.05,3.69,0.8,15,0.1
264,7,2.29,0.24,20,19.29,3.81,0.8,15,0.1
265,5,2.71,0.36,11,23.95,2.11,0.8,15,0.1
266,1,2.38,0.34,34,5.94,3.01,0.8,15,0.1
267,1,1.5,0.56,10,20.32,3.8,0.8,15,0.1
268,3,5.62,0.21,10,20.32,3.8,0.8,15,0.1
269,6,2.01,0.08,6,17.1,2.68,0.8,15,0.1
270,2,2.52,0.39,36,21.25,3.56,0.8,15,0.1
271,5,5.08,0.18,24,24.44,3.58,0.8,15,0.1
272,4,1.4,0.15,12,7.71,2.56,0.8,15,0.1
273,2,4.41,0.08,23,11.05,3.69,0.8,15,0.1
274,6,1.8,0.27,27,13.85,1.14,0.8,15,0.1
275,7,5.0,0.51,37,23.29,1.8,0.8,15,0.1
276,4,0.9,0.27,6,17.1,2.68,0.8,15,0.1
277,7,1.4,0.23,1,15.03,1.7,0.8,15,0.1
278,3,2.85,0.55,6,17.1,2.68,0.8,15,0.1
279,3,4.67,0.28,22,9.89,1.39,0.8,15,0.1
280,1,3.46,0.08,24,24.44,3.58,0.8,15,0.1
281,7,3.1,0.17,25,7.2,3.84,0.8,15,0.1
282,6,5.12,0.22,15,13.13,2.15,0.8,15,0.1
283,5,6.09,0.42,26,13.47,1.03,0.8,15,0.1
284,4,4.31,0.66,8,8.53,3.44,0.8,15,0.1
285,2,2.75,0.18,24,24.44,3.58,0.8,15,0.1
286,6,3.0,0.39,38,23.08,1.96,0.8,15,0.1
287,6,1.95,0.17,6,17.1,2.68,0.8,15,0.1
288,3,3.62,0.34,35,22.26,1.49,0.8,15,0.1
289,7,1.54,0.2,1,15.03,1.7,0.8,15,0.1
290,1,4.16,0.47,36,21.25,3.56,0.8,15,0.1
291,1,5.91,0.15,12,7.71,2.56,0.8,15,0.1
292,4,4.36,0.48,38,23.08,1.96,0.8,15,0.1
293,3,2.94,0.48,11,23.95,2.11,0.8,15,0.1
294,6,4.13,0.2,12,7.71,2.56,0.8,15,0.1
295,5,5.44,0.71,39,16.05,1.15,0.8,15,0.1
296,3,5.38,0.25,7,14.73,2.51,0.8,15,0.1
297,4,2.3,0.12,11,23.95,2.11,0.8,15,0.1
298,4,4.11,0.1,36,21.25,3.56,0.8,15,0.1
299,3,3.31,0.16,31,13.68,3.46,0.8,15,0.1
300,4,4.47,0.19,33,15.64,1.85,0.8,15,0.1
301,3,3.96,0.46,13,7.25,3.8,0.8,15,0.1
302,2,0.66,0.3,18,15.18,1.44,0.8,15,0.1
303,3,3.08,0.24,24,24.44,3.58,0.8,15,0.1
304,7,3.74,0.77,9,15.84,1.39,0.8,15,0.1
305,3,1.78,0.41,31,13.68,3.46,0.8,15,0.1
306,4,4.2,0.18,10,20.32,3.8,0.8,15,0.1
307,7,1.67,0.29,2,13.19,3.34,0.8,15,0.1
308,4,2.54,0.32,38,23.08,1.96,0.8,15,0.1
309,1,5.11,0.01,15,13.13,2.15,0.8,15,0.1
310,1,2.44,0.33,3,20.42,1.68,0.8,15,0.1
311,7,4.19,0.08,31,13.68,3.46,0.8,15,0.1
312,2,1.4,0.44,6,17.1,2.68,0.8,15,0.1
313,1,6.0,0.04,3,20.42,1.68,0.8,15,0.1
314,3,3.13,0.35,11,23.95,2.11,0.8,15,0.1
315,4,3.61,0.3,15,13.13,2.15,0.8,15,0.1
316,1,3.71,0.16,28,15.88,2.02,0.8,15,0.1
317,1,4.23,0.35,10,20.32,3.8,0.8,15,0.1
318,2,1.68,0.14,38,23.08,1.96,0.8,15,0.1
319,7,3.49,0.16,7,14.73,2.51,0.8,15,0.1
320,7,2.71,0.29,15,13.13,2.15,0.8,15,0.1
321,6,1.47,0.36,18,15.18,1.44,0.8,15,0.1
322,2,4.68,0.11,18,15.18,1.44,0.8,15,0.1
323,3,3.08,0.19,24,24.44,3.58,0.8,15,0.1
324,7,3.79,0.43,2,13.19,3.34,0.8,15,0.1
325,4,3.72,0.11,40,5.88,3.16,0.8,15,0.1
326,2,3.1,0.13,20,19.29,3.81,0.8,15,0.1
327,1,5.87,0.3,34,5.94,3.01,0.8,15,0.1
328,4,3.44,0.35,26,13.47,1.03,0.8,15,0.1
329,4,1.63,0.38,7,14.73,2.51,0.8,15,0.1
330,1,3.02,0.26,38,23.08,1.96,0.8,15,0.1
331,2,4.1,0.41,30,22.38,2.99,0.8,15,0.1
332,1,4.14,0.35,5,12.6,2.51,0.8,15,0.1
333,6,2.19,0.37,11,23.95,2.11,0.8,15,0.1
334,4,4.62,0.28,1,15.03,1.7,0.8,15,0.1
335,5,1.38,0.19,34,5.94,3.01,0.8,15,0.1
336,5,4.87,0.06,1,15.03,1.7,0.8,15,0.1
337,3,1.92,0.3,19,17.23,2.7,0.8,15,0.1
338,7,3.23,0.08,2,13.19,3.34,0.8,15,0.1
339,1,4.78,0.18,21,23.25,3.84,0.8,15,0.1
340,1,3.64,0.06,20,19.29,3.81,0.8,15,0.1
341,3,4.48,0.4,23,11.05,3.69,0.8,15,0.1
342,3,4.24,0.15,21,23.25,3.84,0.8,15,0.1
343,3,5.04,0.54,24,24.44,3.58,0.8,15,0.1
344,4,4.77,0.3,4,23.44,2.78,0.8,15,0.1
345,6,2.96,0.52,12,7.71,2.56,0.8,15,0.1
346,1,4.26,0.08,22,9.89,1.39,0.8,15,0.1
347,4,1.67,0.4,20,19.29,3.81,0.8,15,0.1
348,3,3.43,0.25,18,15.18,1.44,0.8,15,0.1
349,1,4.48,0.35,1,15.03,1.7,0.8,15,0.1
350,4,3.66,0.15,30,22.38,2.99,0.8,15,0.1
351,6,4.04,0.27,33,15.64,1.85,0.8,15,0.1
352,4,3.24,0.37,24,24.44,3.58,0.8,15,0.1
353,6,4.85,0.32,14,8.67,1.76,0.8,15,0.1
354,3,3.4,0.37,36,21.25,3.56,0.8,15,0.1
355,6,2.94,0.32,5,12.6,2.51,0.8,15,0.1
356,1,4.56,0.45,11,23.95,2.11,0.8,15,0.1
357,3,1.81,0.11,24,24.44,3.58,0.8,15,0.1
358,1,4.1,0.23,31,13.68,3.46,0.8,15,0.1
359,5,2.25,0.04,13,7.25,3.8,0.8,15,0.1
360,2,5.03,0.05,16,20.89,2.37,0.8,15,0.1
361,6,3.19,0.04,24,24.44,3.58,0.8,15,0.1
362,2,3.66,0.16,13,7.25,3.8,0.8,15,0.1
363,2,4.0,0.24,24,24.44,3.58,0.8,15,0.1
364,6,1.18,0.22,26,13.47,1.03,0.8,15,0.1
365,3,2.72,0.3,2,13.19,3.34,0.8,15,0.1
366,5,4.75,0.28,16,20.89,2.37,0.8,15,0.1
367,1,4.54,0.29,38,23.08,1.96,0.8,15,0.1
368,4,3.84,0.18,1,15.03,1.7,0.8,15,0.1
369,1,1.88,0.06,11,23.95,2.11,0.8,15,0.1
370,4,4.2,0.07,35,22.26,1.49,0.8,15,0.1
371,1,4.36,0.17,29,14.47,2.84,0.8,15,0.1
372,6,3.56,0.61,37,23.29,1.8,0.8,15,0.1
373,5,4.97,0.18,17,8.42,1.8,0.8,15,0.1
374,4,2.68,0.05,39,16.05,1.15,0.8,15,0.1
375,7,2.89,0.42,28,15.88,2.02,0.8,15,0.1
376,3,0.52,0.06,29,14.47,2.84,0.8,15,0.1
377,1,4.6,0.06,3,20.42,1.68,0.8,15,0.1
378,1,3.88,0.31,10,20.32,3.8,0.8,15,0.1
379,4,1.48,0.36,14,8.67,1.76,0.8,15,0.1
380,3,1.39,0.43,12,7.71,2.56,0.8,15,0.1
381,3,2.45,0.13,30,22.38,2.99,0.8,15,0.1
382,6,4.45,0.09,32,23.11,1.36,0.8,15,0.1
383,7,3.14,0.48,32,23.11,1.36,0.8,15,0.1
384,6,2.53,0.29,32,23.11,1.36,0.8,15,0.1
385,6,2.29,0.17,26,13.47,1.03,0.8,15,0.1
386,6,2.24,0.47,1,15.03,1.7,0.8,15,0.1
387,6,1.18,0.43,2,13.19,3.34,0.8,15,0.1
388,6,2.05,0.14,17,8.42,1.8,0.8,15,0.1
389,5,2.22,0.27,30,22.38,2.99,0.8,15,0.1
390,3,4.32,0.12,39,16.05,1.15,0.8,15,0.1
391,6,3.3,0.12,7,14.73,2.51,0.8,15,0.1
392,3,2.51,0.15,27,13.85,1.14,0.8,15,0.1
393,3,6.27,0.32,9,15.84,1.39,0.8,15,0.1
394,2,2.7,0.33,22,9.89,1.39,0.8,15,0.1
395,5,4.9,0.08,34,5.94,3.01,0.8,15,0.1
396,6,5.45,0.33,1,15.03,1.7,0.8,15,0.1
397,1,1.62,0.09,9,15.84,1.39,0.8,15,0.1
398,4,3.59,0.39,20,19.29,3.81,0.8,15,0.1
399,7,2.88,0.48,19,17.23,2.7,0.8,15,0.1
400,1,2.78,0.27,36,21.25,3.56,0.8,15,0.1
401,5,4.17,0.2,40,5.88,3.16,0.8,15,0.1
402,4,2.75,0.32,4,23.44,2.78,0.8,15,0.1
403,5,2.9,0.08,9,15.84,1.39,0.8,15,0.1
404,3,3.3,0.4,22,9.89,1.39,0.8,15,0.1
405,4,3.05,0.51,18,15.18,1.44,0.8,15,0.1
406,3,2.09,0.36,12,7.71,2.56,0.8,15,0.1
407,1,4.46,0.36,39,16.05,1.15,0.8,15,0.1
408,1,4.76,0.48,9,15.84,1.39,0.8,15,0.1
409,4,3.91,0.32,6,17.1,2.68,0.8,15,0.1
410,4,3.05,0.07,19,17.23,2.7,0.8,15,0.1
411,6,2.65,0.26,7,14.73,2.51,0.8,15,0.1
412,5,2.66,0.31,16,20.89,2.37,0.8,15,0.1
413,6,6.33,0.2,5,12.6,2.51,0.8,15,0.1
414,5,4.63,0.25,16,20.89,2.37,0.8,15,0.1
415,6,2.49,0.3,1,15.03,1.7,0.8,15,0.1
416,3,3.7,0.1,37,23.29,1.8,0.8,15,0.1
417,4,3.06,0.06,39,16.05,1.15,0.8,15,0.1
418,1,4.2,0.31,19,17.23,2.7,0.8,15,0.1
419,5,4.15,0.28,37,23.29,1.8,0.8,15,0.1
420,5,4.8,0.5,17,8.42,1.8,0.8,15,0.1
421,1,2.48,0.18,26,13.47,1.03,0.8,15,0.1
422,6,3.63,0.23,22,9.89,1.39,0.8,15,0.1
423,5,1.4,0.17,8,8.53,3.44,0.8,15,0.1
424,7,1.99,0.6,33,15.64,1.85,0.8,15,0.1
425,3,4.56,0.39,2,13.19,3.34,0.8,15,0.1
426,4,2.36,0.28,30,22.38,2.99,0.8,15,0.1
427,1,2.49,0.45,20,19.29,3.81,0.8,15,0.1
428,4,3.49,0.29,18,15.18,1.44,0.8,15,0.1
429,7,4.33,0.13,10,20.32,3.8,0.8,15,0.1
430,5,2.23,0.36,24,24.44,3.58,0.8,15,0.1
431,5,0.5,0.17,4,23.44,2.78,0.8,15,0.1
432,7,2.46,0.36,37,23.29,1.8,0.8,15,0.1
433,1,4.95,0.32,4,23.44,2.78,0.8,15,0.1
434,3,3.91,0.37,13,7.25,3.8,0.8,15,0.1
435,2,5.09,0.32,25,7.2,3.84,0.8,15,0.1
436,1,2.14,0.23,13,7.25,3.8,0.8,15,0.1
437,2,1.53,0.19,18,15.18,1.44,0.8,15,0.1
438,7,4.06,0.18,24,24.44,3.58,0.8,15,0.1
439,6,3.79,0.13,2,13.19,3.34,0.8,15,0.1
440,2,3.87,0.17,33,15.64,1.85,0.8,15,0.1
441,3,4.62,0.13,19,17.23,2.7,0.8,15,0.1
442,6,4.01,0.46,9,15.84,1.39,0.8,15,0.1
443,2,3.99,0.41,28,15.88,2.02,0.8,15,0.1
444,7,4.36,0.29,35,22.26,1.49,0.8,15,0.1
445,6,4.1,0.28,39,16.05,1.15,0.8,15,0.1
446,7,4.53,0.22,10,20.32,3.8,0.8,15,0.1
447,2,4.71,0.31,1,15.03,1.7,0.8,15,0.1
448,7,5.34,0.24,21,23.25,3.84,0.8,15,0.1
449,3,2.72,0.12,9,15.84,1.39,0.8,15,0.1
450,2,4.08,0.45,15,13.13,2.15,0.8,15,0.1
451,2,3.06,0.34,35,22.26,1.49,0.8,15,0.1
452,2,2.5,0.33,5,12.6,2.51,0.8,15,0.1
453,1,2.67,0.51,22,9.89,1.39,0.8,15,0.1
454,1,4.09,0.2,23,11.05,3.69,0.8,15,0.1
455,1,4.0,0.15,7,14.73,2.51,0.8,15,0.1
456,3,3.98,0.42,23,11.05,3.69,0.8,15,0.1
457,6,3.23,0.6,25,7.2,3.84,0.8,15,0.1
458,7,3.5,0.57,27,13.85,1.14,0.8,15,0.1
459,5,4.48,0.52,6,17.1,2.68,0.8,15,0.1
460,2,1.71,0.31,34,5.94,3.01,0.8,15,0.1
461,7,3.53,0.47,9,15.84,1.39,0.8,15,0.1
462,2,3.61,0.02,33,15.64,1.85,0.8,15,0.1
463,3,4.4,0.54,6,17.1,2.68,0.8,15,0.1
464,2,1.88,0.16,37,23.29,1.8,0.8,15,0.1
465,1,5.29,0.1,31,13.68,3.46,0.8,15,0.1
466,5,3.76,0.25,34,5.94,3.01,0.8,15,0.1
467,4,3.82,0.19,29,14.47,2.84,0.8,15,0.1
468,2,3.02,0.22,14,8.67,1.76,0.8,15,0.1
469,7,4.15,0.12,36,21.25,3.56,0.8,15,0.1
470,1,3.56,0.32,36,21.25,3.56,0.8,15,0.1
471,4,4.95,0.09,15,13.13,2.15,0.8,15,0.1
472,5,1.77,0.17,8,8.53,3.44,0.8,15,0.1
473,4,3.71,0.14,26,13.47,1.03,0.8,15,0.1
474,1,3.99,0.14,36,21.25,3.56,0.8,15,0.1
475,6,3.28,0.35,21,23.25,3.84,0.8,15,0.1
476,6,3.01,0.15,28,15.88,2.02,0.8,15,0.1
477,4,3.06,0.11,4,23.44,2.78,0.8,15,0.1
478,3,3.71,0.13,16,20.89,2.37,0.8,15,0.1
479,7,1.33,0.08,22,9.89,1.39,0.8,15,0.1
480,7,4.66,0.12,12,7.71,2.56,0.8,15,0.1
481,4,2.92,0.26,16,20.89,2.37,0.8,15,0.1
482,2,3.65,0.07,40,5.88,3.16,0.8,15,0.1
483,2,3.94,0.36,38,23.08,1.96,0.8,15,0.1
484,7,2.87,0.19,37,23.29,1.8,0.8,15,0.1
485,7,3.34,0.19,29,14.47,2.84,0.8,15,0.1
486,6,1.06,0.47,18,15.18,1.44,0.8,15,0.1
487,3,4.38,0.13,10,20.32,3.8,0.8,15,0.1
488,1,4.8,0.11,39,16.05,1.15,0.8,15,0.1
489,2,1.46,0.28,18,15.18,1.44,0.8,15,0.1
490,7,3.01,0.19,1,15.03,1.7,0.8,15,0.1
491,6,2.02,0.25,39,16.05,1.15,0.8,15,0.1
492,5,3.29,0.31,21,23.25,3.84,0.8,15,0.1
493,6,4.28,0.12,1,15.03,1.7,0.8,15,0.1
494,2,4.68,0.06,15,13.13,2.15,0.8,15,0.1
495,2,4.85,0.34,4,23.44,2.78,0.8,15,0.1
496,6,5.07,0.04,20,19.29,3.81,0.8,15,0.1
497,1,3.23,0.25,10,20.32,3.8,0.8,15,0.1
498,4,2.12,0.27,23,11.05,3.69,0.8,15,0.1
499,2,3.36,0.08,34,5.94,3.01,0.8,15,0.1
500,6,4.26,0.53,33,15.64,1.85,0.8,15,0.1
501,7,2.03,0.23,34,5.94,3.01,0.8,15,0.1
502,6,5.49,0.12,39,16.05,1.15,0.8,15,0.1
503,3,4.58,0.21,10,20.32,3.8,0.8,15,0.1
504,4,3.25,0.37,20,19.29,3.81,0.8,15,0.1
505,5,2.65,0.07,1,15.03,1.7,0.8,15,0.1
506,1,2.7,0.14,13,7.25,3.8,0.8,15,0.1
507,5,3.59,0.35,1,15.03,1.7,0.8,15,0.1
508,4,3.22,0.46,5,12.6,2.51,0.8,15,0.1
509,4,4.64,0.12,16,20.89,2.37,0.8,15,0.1
510,4,3.09,0.5,15,13.13,2.15,0.8,15,0.1
511,5,4.11,0.08,28,15.88,2.02,0.8,15,0.1
512,7,3.47,0.18,31,13.68,3.46,0.8,15,0.1
513,4,3.82,0.37,23,11.05,3.69,0.8,15,0.1
514,6,3.22,0.3,17,8.42,1.8,0.8,15,0.1
515,5,4.35,0.55,34,5.94,3.01,0.8,15,0.1
516,4,4.37,0.23,13,7.25,3.8,0.8,15,0.1
517,6,4.05,0.31,14,8.67,1.76,0.8,15,0.1
518,7,4.23,0.53,11,23.95,2.11,0.8,15,0.1
519,3,2.37,0.06,28,15.88,2.02,0.8,15,0.1
520,7,3.89,0.1,32,23.11,1.36,0.8,15,0.1
521,4,5.0,0.11,35,22.26,1.49,0.8,15,0.1
522,5,4.09,0.39,31,13.68,3.46,0.8,15,0.1
523,2,2.26,0.2,17,8.42,1.8,0.8,15,0.1
524,4,3.44,0.39,9,15.84,1.39,0.8,15,0.1
525,2,3.95,0.4,10,20.32,3.8,0.8,15,0.1
526,6,2.59,0.16,8,8.53,3.44,0.8,15,0.1
527,3,1.87,0.16,21,23.25,3.84,0.8,15,0.1
528,1,3.12,0.18,13,7.25,3.8,0.8,15,0.1
529,7,2.61,0.41,5,12.6,2.51,0.8,15,0.1
530,3,3.48,0.28,6,17.1,2.68,0.8,15,0.1
531,4,1.59,0.05,30,22.38,2.99,0.8,15,0.1
532,2,4.18,0.17,31,13.68,3.46,0.8,15,0.1
533,7,2.74,0.65,17,8.42,1.8,0.8,15,0.1
534,2,4.69,0.24,11,23.95,2.11,0.8,15,0.1
535,5,3.17,0.67,20,19.29,3.81,0.8,15,0.1
536,2,3.47,0.17,9,15.84,1.39,0.8,15,0.1
537,5,3.29,0.11,2,13.19,3.34,0.8,15,0.1
538,6,2.67,0.39,37,23.29,1.8,0.8,15,0.1
539,7,6.47,0.19,1,15.03,1.7,0.8,15,0.1
540,7,2.9,0.18,4,23.44,2.78,0.8,15,0.1
541,1,4.73,0.35,36,21.25,3.56,0.8,15,0.1
542,4,2.19,0.41,25,7.2,3.84,0.8,15,0.1
543,5,3.95,0.38,3,20.42,1.68,0.8,15,0.1
544,1,4.07,0.44,9,15.84,1.39,0.8,15,0.1
545,2,3.47,0.23,22,9.89,1.39,0.8,15,0.1
546,2,2.81,0.31,23,11.05,3.69,0.8,15,0.1
547,1,3.18,0.55,12,7.71,2.56,0.8,15,0.1
548,7,3.02,0.52,10,20.32,3.8,0.8,15,0.1
549,2,6.38,0.35,34,5.94,3.01,0.8,15,0.1
550,6,3.47,0.32,10,20.32,3.8,0.8,15,0.1
551,6,4.13,0.48,30,22.38,2.99,0.8,15,0.1
552,1,5.64,0.69,22,9.89,1.39,0.8,15,0.1
553,5,2.45,0.22,6,17.1,2.68,0.8,15,0.1
554,5,3.55,0.42,2,13.19,3.34,0.8,15,0.1
555,1,3.18,0.35,30,22.38,2.99,0.8,15,0.1
556,5,3.4,0.17,2,13.19,3.34,0.8,15,0.1
557,7,3.29,0.02,32,23.11,1.36,0.8,15,0.1
558,7,2.62,0.28,16,20.89,2.37,0.8,15,0.1
559,5,3.73,0.13,12,7.71,2.56,0.8,15,0.1
560,6,2.22,0.14,1,15.03,1.7,0.8,15,0.1
561,5,4.69,0.41,8,8.53,3.44,0.8,15,0.1
562,7,4.25,0.6,13,7.25,3.8,0.8,15,0.1
563,3,2.91,0.25,15,13.13,2.15,0.8,15,0.1
564,4,2.97,0.37,8,8.53,3.44,0.8,15,0.1
565,2,3.83,0.4,10,20.32,3.8,0.8,15,0.1
566,3,2.54,0.51,5,12.6,2.51,0.8,15,0.1
567,5,5.67,0.52,19,17.23,2.7,0.8,15,0.1
568,6,3.93,0.14,38,23.08,1.96,0.8,15,0.1
569,1,3.97,0.53,11,23.95,2.11,0.8,15,0.1
570,5,4.32,0.38,20,19.29,3.81,0.8,15,0.1
571,6,2.8,0.08,20,19.29,3.81,0.8,15,0.1
572,4,4.81,0.31,21,23.25,3.84,0.8,15,0.1
573,5,3.64,0.29,18,15.18,1.44,0.8,15,0.1
574,7,4.64,0.48,10,20.32,3.8,0.8,15,0.1
575,1,3.26,0.42,34,5.94,3.01,0.8,15,0.1
576,6,5.08,0.62,26,13.47,1.03,0.8,15,0.1
577,6,3.98,0.66,30,22.38,2.99,0.8,15,0.1
578,6,6.12,0.77,9,15.84,1.39,0.8,15,0.1
579,4,3.06,0.52,31,13.68,3.46,0.8,15,0.1
580,5,3.75,0.21,4,23.44,2.78,0.8,15,0.1
581,4,2.26,0.1,6,17.1,2.68,0.8,15,0.1
582,2,2.86,0.71,14,8.67,1.76,0.8,15,0.1
583,2,4.24,0.28,4,23.44,2.78,0.8,15,0.1
584,5,4.86,0.31,26,13.47,1.03,0.8,15,0.1
585,7,7.06,0.14,39,16.05,1.15,0.8,15,0.1
586,4,3.38,0.7,17,8.42,1.8,0.8,15,0.1
587,1,2.38,0.39,19,17.23,2.7,0.8,15,0.1
588,6,4.4,0.55,6,17.1,2.68,0.8,15,0.1
589,6,2.15,0.25,29,14.47,2.84,0.8,15,0.1
590,5,4.18,0.59,11,23.95,2.11,0.8,15,0.1
591,7,2.9,0.15,16,20.89,2.37,0.8,15,0.1
592,2,3.75,0.07,30,22.38,2.99,0.8,15,0.1
593,2,4.81,0.34,25,7.2,3.84,0.8,15,0.1
594,6,3.37,0.18,40,5.88,3.16,0.8,15,0.1
595,5,4.62,0.32,11,23.95,2.11,0.8,15,0.1
596,4,4.55,0.4,7,14.73,2.51,0.8,15,0.1
597,2,1.26,0.19,26,13.47,1.03,0.8,15,0.1
598,4,2.42,0.18,22,9.89,1.39,0.8,15,0.1
599,7,1.63,0.31,25,7.2,3.84,0.8,15,0.1
600,2,5.9,0.33,19,17.23,2.7,0.8,15,0.1
601,2,3.37,0.28,31,13.68,3.46,0.8,15,0.1
602,3,5.64,0.42,26,13.47,1.03,0.8,15,0.1
603,2,1.54,0.44,36,21.25,3.56,0.8,15,0.1
604,1,2.81,0.38,23,11.05,3.69,0.8,15,0.1
605,5,4.46,0.19,13,7.25,3.8,0.8,15,0.1
606,5,3.72,0.55,25,7.2,3.84,0.8,15,0.1
607,4,4.14,0.13,2,13.19,3.34,0.8,15,0.1
608,7,2.0,0.26,2,13.19,3.34,0.8,15,0.1
609,2,5.15,0.16,16,20.89,2.37,0.8,15,0.1
610,1,4.43,0.16,9,15.84,1.39,0.8,15,0.1
611,4,3.98,0.07,28,15.88,2.02,0.8,15,0.1
612,3,2.68,0.12,13,7.25,3.8,0.8,15,0.1
613,4,3.89,0.22,35,22.26,1.49,0.8,15,0.1
614,4,3.15,0.44,13,7.25,3.8,0.8,15,0.1
615,2,1.52,0.28,31,13.68,3.46,0.8,15,0.1
616,3,3.44,0.13,21,23.25,3.84,0.8,15,0.1
617,4,3.31,0.35,32,23.11,1.36,0.8,15,0.1
618,1,4.77,0.15,34,5.94,3.01,0.8,15,0.1
619,1,0.82,0.29,8,8.53,3.44,0.8,15,0.1
620,5,3.78,0.25,2,13.19,3.34,0.8,15,0.1
621,3,2.11,0.26,38,23.08,1.96,0.8,15,0.1
622,3,3.88,0.26,32,23.11,1.36,0.8,15,0.1
623,5,3.95,0.5,40,5.88,3.16,0.8,15,0.1
624,4,3.4,0.29,28,15.88,2.02,0.8,15,0.1
625,3,4.47,0.16,37,23.29,1.8,0.8,15,0.1
626,1,2.01,0.19,1,15.03,1.7,0.8,15,0.1
627,1,4.83,0.36,10,20.32,3.8,0.8,15,0.1
628,2,2.65,0.52,4,23.44,2.78,0.8,15,0.1
629,3,1.63,0.07,35,22.26,1.49,0.8,15,0.1
630,4,3.17,0.16,10,20.32,3.8,0.8,15,0.1
631,5,0.99,0.26,11,23.95,2.11,0.8,15,0.1
632,5,3.81,0.1,14,8.67,1.76,0.8,15,0.1
633,4,3.19,0.27,38,23.08,1.96,0.8,15,0.1
634,7,4.98,0.31,12,7.71,2.56,0.8,15,0.1
635,6,4.28,0.38,17,8.42,1.8,0.8,15,0.1
636,2,1.83,0.4,16,20.89,2.37,0.8,15,0.1
637,5,2.49,0.29,35,22.26,1.49,0.8,15,0.1
638,3,4.12,0.61,2,13.19,3.34,0.8,15,0.1
639,2,4.52,0.14,11,23.95,2.11,0.8,15,0.1
640,3,4.97,0.51,3,20.42,1.68,0.8,15,0.1
641,7,4.96,0.37,29,14.47,2.84,0.8,15,0.1
642,1,3.39,0.1,18,15.18,1.44,0.8,15,0.1
643,2,3.94,0.17,20,19.29,3.81,0.8,15,0.1
644,5,5.06,0.46,14,8.67,1.76,0.8,15,0.1
645,2,3.14,0.44,34,5.94,3.01,0.8,15,0.1
646,2,3.96,0.18,31,13.68,3.46,0.8,15,0.1
647,2,3.11,0.19,40,5.88,3.16,0.8,15,0.1
648,6,2.84,0.19,18,15.18,1.44,0.8,15,0.1
649,2,3.56,0.39,30,22.38,2.99,0.8,15,0.1
650,3,2.67,0.22,25,7.2,3.84,0.8,15,0.1
651,1,3.34,0.49,19,17.23,2.7,0.8,15,0.1
652,7,2.26,0.24,8,8.53,3.44,0.8,15,0.1
653,4,3.27,0.71,28,15.88,2.02,0.8,15,0.1
654,2,4.04,0.27,8,8.53,3.44,0.8,15,0.1
655,5,2.79,0.26,31,13.68,3.46,0.8,15,0.1
656,2,3.51,0.3,3,20.42,1.68,0.8,15,0.1
657,5,3.67,0.21,3,20.42,1.68,0.8,15,0.1
658,3,4.04,0.36,22,9.89,1.39,0.8,15,0.1
659,5,3.34,0.53,17,8.42,1.8,0.8,15,0.1
660,4,4.8,0.23,36,21.25,3.56,0.8,15,0.1
661,1,0.98,0.23,17,8.42,1.8,0.8,15,0.1
662,5,7.03,0.16,14,8.67,1.76,0.8,15,0.1
663,5,2.45,0.44,9,15.84,1.39,0.8,15,0.1
664,1,3.98,0.25,30,22.38,2.99,0.8,15,0.1
665,4,2.37,0.29,21,23.25,3.84,0.8,15,0.1
666,2,4.27,0.16,12,7.71,2.56,0.8,15,0.1
667,5,3.83,0.16,37,23.29,1.8,0.8,15,0.1
668,1,2.72,0.07,32,23.11,1.36,0.8,15,0.1
669,3,4.79,0.31,11,23.95,2.11,0.8,15,0.1
670,1,3.3,0.21,20,19.29,3.81,0.8,15,0.1
671,3,4.16,0.12,35,22.26,1.49,0.8,15,0.1
672,4,2.4,0.46,11,23.95,2.11,0.8,15,0.1
673,2,3.46,0.27,8,8.53,3.44,0.8,15,0.1
674,1,5.9,0.18,4,23.44,2.78,0.8,15,0.1
675,7,4.66,0.34,27,13.85,1.14,0.8,15,0.1
676,7,3.87,0.42,40,5.88,3.16,0.8,15,0.1
677,6,2.96,0.18,38,23.08,1.96,0.8,15,0.1
678,5,3.58,0.11,30,22.38,2.99,0.8,15,0.1
679,4,3.74,0.23,27,13.85,1.14,0.8,15,0.1
680,1,4.04,0.22,21,23.25,3.84,0.8,15,0.1
681,7,2.21,0.39,20,19.29,3.81,0.8,15,0.1
682,5,4.3,0.5,4,23.44,2.78,0.8,15,0.1
683,7,2.19,0.68,11,23.95,2.11,0.8,15,0.1
684,1,5.46,0.41,13,7.25,3.8,0.8,15,0.1
685,3,2.57,0.2,9,15.84,1.39,0.8,15,0.1
686,1,3.86,0.02,4,23.44,2.78,0.8,15,0.1
687,6,4.71,0.32,12,7.71,2.56,0.8,15,0.1
688,1,3.2,0.09,9,15.84,1.39,0.8,15,0.1
689,1,3.91,0.35,13,7.25,3.8,0.8,15,0.1
690,6,5.22,0.3,26,13.47,1.03,0.8,15,0.1
691,4,4.18,0.12,38,23.08,1.96,0.8,15,0.1
692,1,3.93,0.24,13,7.25,3.8,0.8,15,0.1
693,6,1.48,0.37,39,16.05,1.15,0.8,15,0.1
694,5,2.38,0.35,28,15.88,2.02,0.8,15,0.1
695,3,4.76,0.28,19,17.23,2.7,0.8,15,0.1
696,3,4.18,0.04,24,24.44,3.58,0.8,15,0.1
697,1,4.37,0.45,19,17.23,2.7,0.8,15,0.1
698,4,4.26,0.33,13,7.25,3.8,0.8,15,0.1
699,4,5.05,0.26,13,7.25,3.8,0.8,15,0.1
700,5,3.19,0.31,28,15.88,2.02,0.8,15,0.1
701,1,3.64,0.2,2,13.19,3.34,0.8,15,0.1
702,3,2.27,0.75,10,20.32,3.8,0.8,15,0.1
703,4,1.97,0.37,22,9.89,1.39,0.8,15,0.1
704,1,1.53,0.43,13,7.25,3.8,0.8,15,0.1
705,7,2.44,0.49,9,15.84,1.39,0.8,15,0.1
706,4,5.36,0.16,33,15.64,1.85,0.8,15,0.1
707,6,1.64,0.11,14,8.67,1.76,0.8,15,0.1
708,7,3.14,0.24,20,19.29,3.81,0.8,15,0.1
709,4,1.95,0.56,15,13.13,2.15,0.8,15,0.1
710,3,2.78,0.16,32,23.11,1.36,0.8,15,0.1
711,2,3.7,0.21,33,15.64,1.85,0.8,15,0.1
712,7,2.66,0.35,17,8.42,1.8,0.8,15,0.1
713,5,4.81,0.47,24,24.44,3.58,0.8,15,0.1
714,5,5.34,0.31,30,22.38,2.99,0.8,15,0.1
715,3,0.8,0.17,13,7.25,3.8,0.8,15,0.1
716,4,2.68,0.33,16,20.89,2.37,0.8,15,0.1
717,1,3.57,0.22,2,13.19,3.34,0.8,15,0.1
718,4,4.85,0.07,17,8.42,1.8,0.8,15,0.1
719,3,2.95,0.21,32,23.11,1.36,0.8,15,0.1
720,5,3.48,0.4,8,8.53,3.44,0.8,15,0.1
721,4,2.11,0.26,3,20.42,1.68,0.8,15,0.1
722,5,1.66,0.13,12,7.71,2.56,0.8,15,0.1
723,7,5.23,0.68,20,19.29,3.81,0.8,15,0.1
724,1,1.31,0.22,16,20.89,2.37,0.8,15,0.1
725,7,6.29,0.11,14,8.67,1.76,0.8,15,0.1
726,5,4.37,0.23,16,20.89,2.37,0.8,15,0.1
727,5,4.32,0.27,33,15.64,1.85,0.8,15,0.1
728,2,4.19,0.14,30,22.38,2.99,0.8,15,0.1
729,2,3.2,0.27,12,7.71,2.56,0.8,15,0.1
730,7,3.97,0.25,15,13.13,2.15,0.8,15,0.1
731,6,3.27,0.21,18,15.18,1.44,0.8,15,0.1
732,7,4.16,0.27,28,15.88,2.02,0.8,15,0.1
733,2,3.46,0.18,23,11.05,3.69,0.8,15,0.1
734,5,2.36,0.25,14,8.67,1.76,0.8,15,0.1
735,3,2.46,0.23,30,22.38,2.99,0.8,15,0.1
736,7,2.32,0.29,33,15.64,1.85,0.8,15,0.1
737,5,4.67,0.21,15,13.13,2.15,0.8,15,0.1
738,3,2.76,0.51,7,14.73,2.51,0.8,15,0.1
739,3,1.21,0.26,15,13.13,2.15,0.8,15,0.1
740,2,3.98,0.05,38,23.08,1.96,0.8,15,0.1
741,7,5.32,0.27,11,23.95,2.11,0.8,15,0.1
742,4,4.43,0.23,29,14.47,2.84,0.8,15,0.1
743,1,2.78,0.41,31,13.68,3.46,0.8,15,0.1
744,2,1.6,0.65,25,7.2,3.84,0.8,15,0.1
745,2,3.34,0.21,24,24.44,3.58,0.8,15,0.1
746,4,3.31,0.66,19,17.23,2.7,0.8,15,0.1
747,1,2.34,0.42,2,13.19,3.34,0.8,15,0.1
748,5,4.16,0.25,22,9.89,1.39,0.8,15,0.1
749,6,5.72,0.28,20,19.29,3.81,0.8,15,0.1
750,7,3.77,0.56,33,15.64,1.85,0.8,15,0.1
751,6,3.69,0.39,8,8.53,3.44,0.8,15,0.1
752,5,2.38,0.19,25,7.2,3.84,0.8,15,0.1
753,2,5.18,0.44,9,15.84,1.39,0.8,15,0.1
754,1,3.41,0.38,34,5.94,3.01,0.8,15,0.1
755,2,2.81,0.36,23,11.05,3.69,0.8,15,0.1
756,3,3.58,0.42,5,12.6,2.51,0.8,15,0.1
757,2,4.07,0.12,25,7.2,3.84,0.8,15,0.1
758,2,3.67,0.32,8,8.53,3.44,0.8,15,0.1
759,5,4.95,0.18,16,20.89,2.37,0.8,15,0.1
760,5,3.96,0.51,15,13.13,2.15,0.8,15,0.1
761,5,3.16,0.39,1,15.03,1.7,0.8,15,0.1
762,6,3.98,0.45,22,9.89,1.39,0.8,15,0.1
763,3,4.1,0.5,3,20.42,1.68,0.8,15,0.1
764,5,1.94,0.29,38,23.08,1.96,0.8,15,0.1
765,1,4.88,0.36,14,8.67,1.76,0.8,15,0.1
766,6,3.14,0.19,36,21.25,3.56,0.8,15,0.1
767,4,3.17,0.23,18,15.18,1.44,0.8,15,0.1
768,1,4.4,0.35,18,15.18,1.44,0.8,15,0.1
769,7,4.4,0.24,3,20.42,1.68,0.8,15,0.1
770,7,2.66,0.41,10,20.32,3.8,0.8,15,0.1
771,1,4.46,0.25,39,16.05,1.15,0.8,15,0.1
772,5,2.83,0.04,1,15.03,1.7,0.8,15,0.1
773,4,5.68,0.56,27,13.85,1.14,0.8,15,0.1
774,4,2.51,0.13,27,13.85,1.14,0.8,15,0.1
775,6,3.79,0.4,11,23.95,2.11,0.8,15,0.1
776,4,2.56,0.17,5,12.6,2.51,0.8,15,0.1
777,7,6.17,0.17,7,14.73,2.51,0.8,15,0.1
778,3,2.01,0.26,19,17.23,2.7,0.8,15,0.1
779,5,4.13,0.06,29,14.47,2.84,0.8,15,0.1
780,4,2.62,0.52,15,13.13,2.15,0.8,15,0.1
781,6,3.08,0.12,35,22.26,1.49,0.8,15,0.1
782,7,4.04,0.16,37,23.29,1.8,0.8,15,0.1
783,3,4.97,0.07,12,7.71,2.56,0.8,15,0.1
784,2,5.45,0.1,30,22.38,2.99,0.8,15,0.1
785,2,1.66,0.24,20,19.29,3.81,0.8,15,0.1
786,3,3.82,0.38,37,23.29,1.8,0.8,15,0.1
787,7,5.25,0.51,3,20.42,1.68,0.8,15,0.1
788,6,1.48,0.13,9,15.84,1.39,0.8,15,0.1
789,3,3.88,0.09,39,16.05,1.15,0.8,15,0.1
790,5,3.5,0.14,26,13.47,1.03,0.8,15,0.1
791,5,4.0,0.38,2,13.19,3.34,0.8,15,0.1
792,2,2.57,0.13,23,11.05,3.69,0.8,15,0.1
793,4,1.78,0.32,23,11.05,3.69,0.8,15,0.1
794,6,1.2,0.44,21,23.25,3.84,0.8,15,0.1
795,2,4.67,0.1,16,20.89,2.37,0.8,15,0.1
796,4,4.82,0.13,9,15.84,1.39,0.8,15,0.1
797,4,3.86,0.32,13,7.25,3.8,0.8,15,0.1
798,5,2.86,0.46,28,15.88,2.02,0.8,15,0.1
799,7,1.55,0.4,27,13.85,1.14,0.8,15,0.1
800,1,4.18,0.04,17,8.42,1.8,0.8,15,0.1
801,7,2.18,0.81,38,23.08,1.96,0.8,15,0.1
802,1,2.65,0.38,36,21.25,3.56,0.8,15,0.1
803,3,2.8,0.19,1,15.03,1.7,0.8,15,0.1
804,5,3.26,0.36,18,15.18,1.44,0.8,15,0.1
805,4,2.59,0.17,9,15.84,1.39,0.8,15,0.1
806,6,3.54,0.4,13,7.25,3.8,0.8,15,0.1
807,1,2.75,0.19,40,5.88,3.16,0.8,15,0.1
808,7,4.34,0.06,15,13.13,2.15,0.8,15,0.1
809,4,4.74,0.32,4,23.44,2.78,0.8,15,0.1
810,1,3.63,0.33,33,15.64,1.85,0.8,15,0.1
811,1,4.06,0.36,24,24.44,3.58,0.8,15,0.1
812,1,6.04,0.12,36,21.25,3.56,0.8,15,0.1
813,6,2.09,0.42,10,20.32,3.8,0.8,15,0.1
814,5,2.02,0.37,36,21.25,3.56,0.8,15,0.1
815,6,4.33,0.18,20,19.29,3.81,0.8,15,0.1
816,2,5.84,0.23,11,23.95,2.11,0.8,15,0.1
817,4,3.19,0.53,12,7.71,2.56,0.8,15,0.1
818,5,5.57,0.29,18,15.18,1.44,0.8,15,0.1
819,5,3.62,0.45,30,22.38,2.99,0.8,15,0.1
820,5,2.68,0.33,37,23.29,1.8,0.8,15,0.1
821,7,2.31,0.56,20,19.29,3.81,0.8,15,0.1
822,5,4.26,0.31,25,7.2,3.84,0.8,15,0.1
823,6,2.4,0.44,12,7.71,2.56,0.8,15,0.1
824,5,3.6,0.29,21,23.25,3.84,0.8,15,0.1
825,3,5.4,0.31,25,7.2,3.84,0.8,15,0.1
826,4,3.13,0.31,11,23.95,2.11,0.8,15,0.1
827,5,5.08,0.08,9,15.84,1.39,0.8,15,0.1
828,4,2.04,0.42,25,7.2,3.84,0.8,15,0.1
829,3,2.86,0.26,35,22.26,1.49,0.8,15,0.1
830,3,1.81,0.19,32,23.11,1.36,0.8,15,0.1
831,4,3.59,0.12,14,8.67,1.76,0.8,15,0.1
832,1,4.44,0.04,1,15.03,1.7,0.8,15,0.1
833,2,3.59,0.61,17,8.42,1.8,0.8,15,0.1
834,7,4.97,0.32,25,7.2,3.84,0.8,15,0.1
835,1,2.6,0.24,8,8.53,3.44,0.8,15,0.1
836,1,3.77,0.19,5,12.6,2.51,0.8,15,0.1
837,6,2.87,0.38,5,12.6,2.51,0.8,15,0.1
838,7,3.93,0.31,35,22.26,1.49,0.8,15,0.1
839,7,4.1,0.21,19,17.23,2.7,0.8,15,0.1
840,1,4.2,0.11,23,11.05,3.69,0.8,15,0.1
841,5,2.22,0.26,9,15.84,1.39,0.8,15,0.1
842,6,2.43,0.66,30,22.38,2.99,0.8,15,0.1
843,6,2.65,0.24,16,20.89,2.37,0.8,15,0.1
844,3,3.21,0.32,33,15.64,1.85,0.8,15,0.1
845,7,3.6,0.19,2,13.19,3.34,0.8,15,0.1
846,1,4.35,0.37,14,8.67,1.76,0.8,15,0.1
847,3,2.48,0.22,1,15.03,1.7,0.8,15,0.1
848,4,1.58,0.17,26,13.47,1.03,0.8,15,0.1
849,2,6.09,0.51,25,7.2,3.84,0.8,15,0.1
850,6,2.14,0.09,16,20.89,2.37,0.8,15,0.1
851,4,4.5,0.63,15,13.13,2.15,0.8,15,0.1
852,4,3.54,0.28,26,13.47,1.03,0.8,15,0.1
853,5,3.8,0.42,16,20.89,2.37,0.8,15,0.1
854,2,3.5,0.31,14,8.67,1.76,0.8,15,0.1
855,4,3.04,0.09,29,14.47,2.84,0.8,15,0.1
856,4,4.06,0.27,24,24.44,3.58,0.8,15,0.1
857,2,2.97,0.15,15,13.13,2.15,0.8,15,0.1
858,2,4.9,0.29,19,17.23,2.7,0.8,15,0.1
859,4,4.18,0.27,8,8.53,3.44,0.8,15,0.1
860,2,4.22,0.09,34,5.94,3.01,0.8,15,0.1
861,4,2.89,0.66,2,13.19,3.34,0.8,15,0.1
862,4,3.22,0.52,27,13.85,1.14,0.8,15,0.1
863,5,2.07,0.19,10,20.32,3.8,0.8,15,0.1
864,1,3.08,0.23,35,22.26,1.49,0.8,15,0.1
865,4,2.26,0.2,23,11.05,3.69,0.8,15,0.1
866,3,5.08,0.26,8,8.53,3.44,0.8,15,0.1
867,6,3.56,0.13,28,15.88,2.02,0.8,15,0.1
868,7,3.7,0.26,23,11.05,3.69,0.8,15,0.1
869,1,3.23,0.23,4,23.44,2.78,0.8,15,0.1
870,1,3.74,0.36,14,8.67,1.76,0.8,15,0.1
871,1,6.46,0.58,29,14.47,2.84,0.8,15,0.1
872,5,3.14,0.64,1,15.03,1.7,0.8,15,0.1
873,4,2.72,0.28,4,23.44,2.78,0.8,15,0.1
874,5,4.14,0.51,32,23.11,1.36,0.8,15,0.1
875,4,0.5,0.7,33,15.64,1.85,0.8,15,0.1
876,5,3.58,0.21,26,13.47,1.03,0.8,15,0.1
877,5,3.05,0.1,17,8.42,1.8,0.8,15,0.1
878,6,2.31,0.16,39,16.05,1.15,0.8,15,0.1
879,3,4.11,0.05,23,11.05,3.69,0.8,15,0.1
880,5,3.56,0.58,32,23.11,1.36,0.8,15,0.1
881,6,1.34,0.43,15,13.13,2.15,0.8,15,0.1
882,2,2.72,0.53,13,7.25,3.8,0.8,15,0.1
883,3,0.5,0.4,2,13.19,3.34,0.8,15,0.1
884,5,3.85,0.08,19,17.23,2.7,0.8,15,0.1
885,7,3.84,0.25,24,24.44,3.58,0.8,15,0.1
886,1,2.55,0.57,24,24.44,3.58,0.8,15,0.1
887,2,4.15,0.39,11,23.95,2.11,0.8,15,0.1
888,2,1.96,0.33,22,9.89,1.39,0.8,15,0.1
889,6,2.34,0.11,15,13.13,2.15,0.8,15,0.1
890,2,4.0,0.06,10,20.32,3.8,0.8,15,0.1
891,3,2.67,0.33,27,13.85,1.14,0.8,15,0.1
892,5,3.42,0.5,9,15.84,1.39,0.8,15,0.1
893,5,2.82,0.57,28,15.88,2.02,0.8,15,0.1
894,7,3.01,0.28,1,15.03,1.7,0.8,15,0.1
895,1,3.06,0.64,17,8.42,1.8,0.8,15,0.1
896,6,2.65,0.11,31,13.68,3.46,0.8,15,0.1
897,1,3.86,0.51,10,20.32,3.8,0.8,15,0.1
898,2,2.75,0.12,37,23.29,1.8,0.8,15,0.1
899,7,3.52,0.11,29,14.47,2.84,0.8,15,0.1
900,1,2.63,0.36,18,15.18,1.44,0.8,15,0.1
901,3,1.66,0.19,38,23.08,1.96,0.8,15,0.1
902,5,4.59,0.18,39,16.05,1.15,0.8,15,0.1
903,2,4.1,0.3,6,17.1,2.68,0.8,15,0.1
904,7,6.25,0.4,40,5.88,3.16,0.8,15,0.1
905,1,2.25,0.37,12,7.71,2.56,0.8,15,0.1
906,6,3.25,0.11,14,8.67,1.76,0.8,15,0.1
907,3,3.35,0.47,10,20.32,3.8,0.8,15,0.1
908,3,4.69,0.56,20,19.29,3.81,0.8,15,0.1
909,1,2.89,0.51,15,13.13,2.15,0.8,15,0.1
910,5,2.09,0.21,31,13.68,3.46,0.8,15,0.1
911,1,4.95,0.3,7,14.73,2.51,0.8,15,0.1
912,2,3.12,0.16,10,20.32,3.8,0.8,15,0.1
913,1,4.55,0.35,10,20.32,3.8,0.8,15,0.1
914,3,4.41,0.39,39,16.05,1.15,0.8,15,0.1
915,7,3.46,0.39,28,15.88,2.02,0.8,15,0.1
916,1,3.29,0.52,30,22.38,2.99,0.8,15,0.1
917,5,3.03,0.22,37,23.29,1.8,0.8,15,0.1
918,7,3.48,0.44,3,20.42,1.68,0.8,15,0.1
919,6,4.54,0.47,15,13.13,2.15,0.8,15,0.1
920,4,2.54,0.22,21,23.25,3.84,0.8,15,0.1
921,1,3.63,0.17,37,23.29,1.8,0.8,15,0.1
922,5,2.16,0.63,12,7.71,2.56,0.8,15,0.1
923,7,2.31,0.41,4,23.44,2.78,0.8,15,0.1
924,5,3.46,0.3,9,15.84,1.39,0.8,15,0.1
925,6,1.15,0.19,39,16.05,1.15,0.8,15,0.1
926,3,5.97,0.32,28,15.88,2.02,0.8,15,0.1
927,5,2.07,0.05,23,11.05,3.69,0.8,15,0.1
928,7,3.45,0.12,40,5.88,3.16,0.8,15,0.1
929,5,4.9,0.18,22,9.89,1.39,0.8,15,0.1
930,5,2.46,0.48,24,24.44,3.58,0.8,15,0.1
931,5,0.74,0.44,26,13.47,1.03,0.8,15,0.1
932,2,2.97,0.44,30,22.38,2.99,0.8,15,0.1
933,2,2.45,0.07,33,15.64,1.85,0.8,15,0.1
934,3,0.77,0.17,16,20.89,2.37,0.8,15,0.1
935,1,3.84,0.5,22,9.89,1.39,0.8,15,0.1
936,5,3.75,0.28,18,15.18,1.44,0.8,15,0.1
937,6,4.87,0.59,7,14.73,2.51,0.8,15,0.1
938,1,2.16,0.09,26,13.47,1.03,0.8,15,0.1
939,6,1.58,0.15,8,8.53,3.44,0.8,15,0.1
940,1,3.01,0.44,6,17.1,2.68,0.8,15,0.1
941,3,3.39,0.16,30,22.38,2.99,0.8,15,0.1
942,5,4.61,0.29,39,16.05,1.15,0.8,15,0.1
943,5,5.19,0.34,23,11.05,3.69,0.8,15,0.1
944,4,4.96,0.45,32,23.11,1.36,0.8,15,0.1
945,6,3.83,0.17,22,9.89,1.39,0.8,15,0.1
946,1,4.46,0.18,9,15.84,1.39,0.8,15,0.1
947,1,2.73,0.51,31,13.68,3.46,0.8,15,0.1
948,2,3.7,0.62,7,14.73,2.51,0.8,15,0.1
949,4,2.07,0.29,9,15.84,1.39,0.8,15,0.1
950,7,3.58,0.42,13,7.25,3.8,0.8,15,0.1
951,7,3.61,0.25,3,20.42,1.68,0.8,15,0.1
952,2,5.57,0.17,35,22.26,1.49,0.8,15,0.1
953,2,3.23,0.4,33,15.64,1.85,0.8,15,0.1
954,2,3.61,0.26,21,23.25,3.84,0.8,15,0.1
955,6,3.78,0.32,31,13.68,3.46,0.8,15,0.1
956,6,2.95,0.17,34,5.94,3.01,0.8,15,0.1
957,3,2.54,0.37,32,23.11,1.36,0.8,15,0.1
958,3,5.06,0.17,35,22.26,1.49,0.8,15,0.1
959,2,2.32,0.71,15,13.13,2.15,0.8,15,0.1
960,4,1.91,0.31,32,23.11,1.36,0.8,15,0.1
961,1,4.32,0.36,6,17.1,2.68,0.8,15,0.1
962,6,4.89,0.38,21,23.25,3.84,0.8,15,0.1
963,4,2.96,0.1,33,15.64,1.85,0.8,15,0.1
964,5,2.98,0.34,32,23.11,1.36,0.8,15,0.1
965,6,3.84,0.28,19,17.23,2.7,0.8,15,0.1
966,6,2.65,0.36,33,15.64,1.85,0.8,15,0.1
967,3,2.56,0.22,28,15.88,2.02,0.8,15,0.1
968,1,4.56,0.32,31,13.68,3.46,0.8,15,0.1
969,1,4.23,0.05,21,23.25,3.84,0.8,15,0.1
970,7,5.07,0.45,34,5.94,3.01,0.8,15,0.1
971,7,2.0,0.47,15,13.13,2.15,0.8,15,0.1
972,7,2.9,0.45,14,8.67,1.76,0.8,15,0.1
973,7,3.84,0.4,19,17.23,2.7,0.8,15,0.1
974,5,2.39,0.12,15,13.13,2.15,0.8,15,0.1
975,5,4.27,0.43,6,17.1,2.68,0.8,15,0.1
976,6,4.97,0.34,9,15.84,1.39,0.8,15,0.1
977,2,2.8,0.52,37,23.29,1.8,0.8,15,0.1
978,3,3.55,0.05,20,19.29,3.81,0.8,15,0.1
979,3,5.25,0.13,34,5.94,3.01,0.8,15,0.1
980,7,5.66,0.2,38,23.08,1.96,0.8,15,0.1
981,6,4.39,0.43,26,13.47,1.03,0.8,15,0.1
982,4,4.21,0.6,18,15.18,1.44,0.8,15,0.1
983,2,2.48,0.4,28,15.88,2.02,0.8,15,0.1
984,6,3.93,0.18,9,15.84,1.39,0.8,15,0.1
985,2,4.17,0.13,32,23.11,1.36,0.8,15,0.1
986,2,3.25,0.18,6,17.1,2.68,0.8,15,0.1
987,2,2.79,0.14,14,8.67,1.76,0.8,15,0.1
988,6,1.96,0.25,28,15.88,2.02,0.8,15,0.1
989,7,1.41,0.18,24,24.44,3.58,0.8,15,0.1
990,3,1.16,0.23,13,7.25,3.8,0.8,15,0.1
991,3,4.2,0.18,12,7.71,2.56,0.8,15,0.1
992,7,3.68,0.04,19,17.23,2.7,0.8,15,0.1
993,2,2.92,0.41,21,23.25,3.84,0.8,15,0.1
994,4,3.1,0.36,27,13.85,1.14,0.8,15,0.1
995,1,3.75,0.22,19,17.23,2.7,0.8,15,0.1
996,6,3.3,0.41,24,24.44,3.58,0.8,15,0.1
997,1,1.89,0.1,26,13.47,1.03,0.8,15,0.1
998,7,4.6,0.55,28,15.88,2.02,0.8,15,0.1
999,4,3.86,0.48,18,15.18,1.44,0.8,15,0.1
1000,6,3.82,0.25,36,21.25,3.56,0.8,15,0.1
